VARIABLE,ITEM TEXT,RESPONSE VALUE,RESPONSE CHOICES,SURVEY SECTION,INDEX,SPECIAL NOTES
Q1,I am given a real opportunity to improve my skills in my organization.,5,Strongly Agree,My Work Experience,,
Q1,I am given a real opportunity to improve my skills in my organization.,4,Agree,My Work Experience,,
Q1,I am given a real opportunity to improve my skills in my organization.,3,Neither Agree nor Disagree,My Work Experience,,
Q1,I am given a real opportunity to improve my skills in my organization.,2,Disagree,My Work Experience,,
Q1,I am given a real opportunity to improve my skills in my organization.,1,Strongly Disagree,My Work Experience,,
Q2,I feel encouraged to come up with new and better ways of doing things.,5,Strongly Agree,My Work Experience,Employee Engagement Index - Intrinsic Work Experience Subindex,
Q2,I feel encouraged to come up with new and better ways of doing things.,4,Agree,My Work Experience,Employee Engagement Index - Intrinsic Work Experience Subindex,
Q2,I feel encouraged to come up with new and better ways of doing things.,3,Neither Agree nor Disagree,My Work Experience,Employee Engagement Index - Intrinsic Work Experience Subindex,
Q2,I feel encouraged to come up with new and better ways of doing things.,2,Disagree,My Work Experience,Employee Engagement Index - Intrinsic Work Experience Subindex,
Q2,I feel encouraged to come up with new and better ways of doing things.,1,Strongly Disagree,My Work Experience,Employee Engagement Index - Intrinsic Work Experience Subindex,
Q3,My work gives me a feeling of personal accomplishment.,5,Strongly Agree,My Work Experience,Employee Engagement Index - Intrinsic Work Experience Subindex,
Q3,My work gives me a feeling of personal accomplishment.,4,Agree,My Work Experience,Employee Engagement Index - Intrinsic Work Experience Subindex,
Q3,My work gives me a feeling of personal accomplishment.,3,Neither Agree nor Disagree,My Work Experience,Employee Engagement Index - Intrinsic Work Experience Subindex,
Q3,My work gives me a feeling of personal accomplishment.,2,Disagree,My Work Experience,Employee Engagement Index - Intrinsic Work Experience Subindex,
Q3,My work gives me a feeling of personal accomplishment.,1,Strongly Disagree,My Work Experience,Employee Engagement Index - Intrinsic Work Experience Subindex,
Q4,I know what is expected of me on the job.,5,Strongly Agree,My Work Experience,Employee Engagement Index - Intrinsic Work Experience Subindex,
Q4,I know what is expected of me on the job.,4,Agree,My Work Experience,Employee Engagement Index - Intrinsic Work Experience Subindex,
Q4,I know what is expected of me on the job.,3,Neither Agree nor Disagree,My Work Experience,Employee Engagement Index - Intrinsic Work Experience Subindex,
Q4,I know what is expected of me on the job.,2,Disagree,My Work Experience,Employee Engagement Index - Intrinsic Work Experience Subindex,
Q4,I know what is expected of me on the job.,1,Strongly Disagree,My Work Experience,Employee Engagement Index - Intrinsic Work Experience Subindex,
Q5,My workload is reasonable.,5,Strongly Agree,My Work Experience,,
Q5,My workload is reasonable.,4,Agree,My Work Experience,,
Q5,My workload is reasonable.,3,Neither Agree nor Disagree,My Work Experience,,
Q5,My workload is reasonable.,2,Disagree,My Work Experience,,
Q5,My workload is reasonable.,1,Strongly Disagree,My Work Experience,,
Q6,My talents are used well in the workplace.,5,Strongly Agree,My Work Experience,Employee Engagement Index - Intrinsic Work Experience Subindex,
Q6,My talents are used well in the workplace.,4,Agree,My Work Experience,Employee Engagement Index - Intrinsic Work Experience Subindex,
Q6,My talents are used well in the workplace.,3,Neither Agree nor Disagree,My Work Experience,Employee Engagement Index - Intrinsic Work Experience Subindex,
Q6,My talents are used well in the workplace.,2,Disagree,My Work Experience,Employee Engagement Index - Intrinsic Work Experience Subindex,
Q6,My talents are used well in the workplace.,1,Strongly Disagree,My Work Experience,Employee Engagement Index - Intrinsic Work Experience Subindex,
Q7,I know how my work relates to the agency's goals.,5,Strongly Agree,My Work Experience,Employee Engagement Index - Intrinsic Work Experience Subindex,
Q7,I know how my work relates to the agency's goals.,4,Agree,My Work Experience,Employee Engagement Index - Intrinsic Work Experience Subindex,
Q7,I know how my work relates to the agency's goals.,3,Neither Agree nor Disagree,My Work Experience,Employee Engagement Index - Intrinsic Work Experience Subindex,
Q7,I know how my work relates to the agency's goals.,2,Disagree,My Work Experience,Employee Engagement Index - Intrinsic Work Experience Subindex,
Q7,I know how my work relates to the agency's goals.,1,Strongly Disagree,My Work Experience,Employee Engagement Index - Intrinsic Work Experience Subindex,
Q8,"I can disclose a suspected violation of any law, rule or regulation without fear of reprisal.",5,Strongly Agree,My Work Experience,,
Q8,"I can disclose a suspected violation of any law, rule or regulation without fear of reprisal.",4,Agree,My Work Experience,,
Q8,"I can disclose a suspected violation of any law, rule or regulation without fear of reprisal.",3,Neither Agree nor Disagree,My Work Experience,,
Q8,"I can disclose a suspected violation of any law, rule or regulation without fear of reprisal.",2,Disagree,My Work Experience,,
Q8,"I can disclose a suspected violation of any law, rule or regulation without fear of reprisal.",1,Strongly Disagree,My Work Experience,,
Q8,"I can disclose a suspected violation of any law, rule or regulation without fear of reprisal.",X,Do Not Know,My Work Experience,,
Q9,I have enough information to do my job well.,5,Strongly Agree,My Work Experience,,
Q9,I have enough information to do my job well.,4,Agree,My Work Experience,,
Q9,I have enough information to do my job well.,3,Neither Agree nor Disagree,My Work Experience,,
Q9,I have enough information to do my job well.,2,Disagree,My Work Experience,,
Q9,I have enough information to do my job well.,1,Strongly Disagree,My Work Experience,,
Q10,I receive the training I need to do my job well.,5,Strongly Agree,My Work Experience,,
Q10,I receive the training I need to do my job well.,4,Agree,My Work Experience,,
Q10,I receive the training I need to do my job well.,3,Neither Agree nor Disagree,My Work Experience,,
Q10,I receive the training I need to do my job well.,2,Disagree,My Work Experience,,
Q10,I receive the training I need to do my job well.,1,Strongly Disagree,My Work Experience,,
Q11,I am held accountable for the quality of work I produce.,5,Strongly Agree,My Work Experience,,
Q11,I am held accountable for the quality of work I produce.,4,Agree,My Work Experience,,
Q11,I am held accountable for the quality of work I produce.,3,Neither Agree nor Disagree,My Work Experience,,
Q11,I am held accountable for the quality of work I produce.,2,Disagree,My Work Experience,,
Q11,I am held accountable for the quality of work I produce.,1,Strongly Disagree,My Work Experience,,
Q12,Continually changing work priorities make it hard for me to produce high quality work.,1,Strongly Agree,My Work Experience,,"Negatively worded item; item response scale is reverse from other items. In reports using the 3-point Positive-Neutral-Negative scale, Positive refers to ""Strongly Disagree"" and ""Disagree"" while Negative refers to ""Strongly Agree"" and ""Agree"" responses."
Q12,Continually changing work priorities make it hard for me to produce high quality work.,2,Agree,My Work Experience,,"Negatively worded item; item response scale is reverse from other items. In reports using the 3-point Positive-Neutral-Negative scale, Positive refers to ""Strongly Disagree"" and ""Disagree"" while Negative refers to ""Strongly Agree"" and ""Agree"" responses."
Q12,Continually changing work priorities make it hard for me to produce high quality work.,3,Neither Agree nor Disagree,My Work Experience,,"Negatively worded item; item response scale is reverse from other items. In reports using the 3-point Positive-Neutral-Negative scale, Positive refers to ""Strongly Disagree"" and ""Disagree"" while Negative refers to ""Strongly Agree"" and ""Agree"" responses."
Q12,Continually changing work priorities make it hard for me to produce high quality work.,4,Disagree,My Work Experience,,"Negatively worded item; item response scale is reverse from other items. In reports using the 3-point Positive-Neutral-Negative scale, Positive refers to ""Strongly Disagree"" and ""Disagree"" while Negative refers to ""Strongly Agree"" and ""Agree"" responses."
Q12,Continually changing work priorities make it hard for me to produce high quality work.,5,Strongly Disagree,My Work Experience,,"Negatively worded item; item response scale is reverse from other items. In reports using the 3-point Positive-Neutral-Negative scale, Positive refers to ""Strongly Disagree"" and ""Disagree"" while Negative refers to ""Strongly Agree"" and ""Agree"" responses."
Q12,Continually changing work priorities make it hard for me to produce high quality work.,X,No Basis to Judge,My Work Experience,,"Negatively worded item; item response scale is reverse from other items. In reports using the 3-point Positive-Neutral-Negative scale, Positive refers to ""Strongly Disagree"" and ""Disagree"" while Negative refers to ""Strongly Agree"" and ""Agree"" responses."
Q13,I have a clear idea of how well I am doing my job.,5,Strongly Agree,My Work Experience,,
Q13,I have a clear idea of how well I am doing my job.,4,Agree,My Work Experience,,
Q13,I have a clear idea of how well I am doing my job.,3,Neither Agree nor Disagree,My Work Experience,,
Q13,I have a clear idea of how well I am doing my job.,2,Disagree,My Work Experience,,
Q13,I have a clear idea of how well I am doing my job.,1,Strongly Disagree,My Work Experience,,
Q14,The people I work with cooperate to get the job done.,5,Strongly Agree,My Work Unit,,
Q14,The people I work with cooperate to get the job done.,4,Agree,My Work Unit,,
Q14,The people I work with cooperate to get the job done.,3,Neither Agree nor Disagree,My Work Unit,,
Q14,The people I work with cooperate to get the job done.,2,Disagree,My Work Unit,,
Q14,The people I work with cooperate to get the job done.,1,Strongly Disagree,My Work Unit,,
Q15_1,In my work unit poor performers usually:,1,Remain in the work unit and improve their performance over time,My Work Unit,,"Technically won't trend to 2021's Q11, last year was choose one, this year is choose many."
Q15_2,In my work unit poor performers usually:,1,Remain in the work unit and continue to underperform,My Work Unit,,"Technically won't trend to 2021's Q11, last year was choose one, this year is choose many."
Q15_3,In my work unit poor performers usually:,1,Leave the work unit - removed or transferred,My Work Unit,,"Technically won't trend to 2021's Q11, last year was choose one, this year is choose many."
Q15_4,In my work unit poor performers usually:,1,Leave the work unit - quit,My Work Unit,,"Technically won't trend to 2021's Q11, last year was choose one, this year is choose many."
Q15_5,In my work unit poor performers usually:,1,There are no poor performers in my work unit,My Work Unit,,"Technically won't trend to 2021's Q11, last year was choose one, this year is choose many."
Q15_6,In my work unit poor performers usually:,1,Do Not Know,My Work Unit,,"Exclusive Response Choice; Technically won't trend to 2021's Q11, last year was choose one, this year is choose many."
Q16,"In my work unit, differences in performance are recognized in a meaningful way.",5,Strongly Agree,My Work Unit,,
Q16,"In my work unit, differences in performance are recognized in a meaningful way.",4,Agree,My Work Unit,,
Q16,"In my work unit, differences in performance are recognized in a meaningful way.",3,Neither Agree nor Disagree,My Work Unit,,
Q16,"In my work unit, differences in performance are recognized in a meaningful way.",2,Disagree,My Work Unit,,
Q16,"In my work unit, differences in performance are recognized in a meaningful way.",1,Strongly Disagree,My Work Unit,,
Q16,"In my work unit, differences in performance are recognized in a meaningful way.",X,Do Not Know,My Work Unit,,
Q17,Employees in my work unit share job knowledge.,5,Strongly Agree,My Work Unit,,
Q17,Employees in my work unit share job knowledge.,4,Agree,My Work Unit,,
Q17,Employees in my work unit share job knowledge.,3,Neither Agree nor Disagree,My Work Unit,,
Q17,Employees in my work unit share job knowledge.,2,Disagree,My Work Unit,,
Q17,Employees in my work unit share job knowledge.,1,Strongly Disagree,My Work Unit,,
Q17,Employees in my work unit share job knowledge.,X,Do Not Know,My Work Unit,,
Q18,My work unit has the job-relevant knowledge and skills necessary to accomplish organizational goals.,5,Strongly Agree,My Work Unit,,
Q18,My work unit has the job-relevant knowledge and skills necessary to accomplish organizational goals.,4,Agree,My Work Unit,,
Q18,My work unit has the job-relevant knowledge and skills necessary to accomplish organizational goals.,3,Neither Agree nor Disagree,My Work Unit,,
Q18,My work unit has the job-relevant knowledge and skills necessary to accomplish organizational goals.,2,Disagree,My Work Unit,,
Q18,My work unit has the job-relevant knowledge and skills necessary to accomplish organizational goals.,1,Strongly Disagree,My Work Unit,,
Q18,My work unit has the job-relevant knowledge and skills necessary to accomplish organizational goals.,X,Do Not Know,My Work Unit,,
Q19,Employees in my work unit meet the needs of our customers.,5,Always,My Work Unit,,
Q19,Employees in my work unit meet the needs of our customers.,4,Most of the time,My Work Unit,,
Q19,Employees in my work unit meet the needs of our customers.,3,Sometimes,My Work Unit,,
Q19,Employees in my work unit meet the needs of our customers.,2,Rarely,My Work Unit,,
Q19,Employees in my work unit meet the needs of our customers.,1,Never,My Work Unit,,
Q19,Employees in my work unit meet the needs of our customers.,X,No Basis to Judge,My Work Unit,,
Q20,Employees in my work unit contribute positively to my agency's performance.,5,Always,My Work Unit,,
Q20,Employees in my work unit contribute positively to my agency's performance.,4,Most of the time,My Work Unit,,
Q20,Employees in my work unit contribute positively to my agency's performance.,3,Sometimes,My Work Unit,,
Q20,Employees in my work unit contribute positively to my agency's performance.,2,Rarely,My Work Unit,,
Q20,Employees in my work unit contribute positively to my agency's performance.,1,Never,My Work Unit,,
Q20,Employees in my work unit contribute positively to my agency's performance.,X,No Basis to Judge,My Work Unit,,
Q21,Employees in my work unit produce high-quality work.,5,Always,My Work Unit,,
Q21,Employees in my work unit produce high-quality work.,4,Most of the time,My Work Unit,,
Q21,Employees in my work unit produce high-quality work.,3,Sometimes,My Work Unit,,
Q21,Employees in my work unit produce high-quality work.,2,Rarely,My Work Unit,,
Q21,Employees in my work unit produce high-quality work.,1,Never,My Work Unit,,
Q21,Employees in my work unit produce high-quality work.,X,No Basis to Judge,My Work Unit,,
Q22,Employees in my work unit adapt to changing priorities.,5,Always,My Work Unit,,
Q22,Employees in my work unit adapt to changing priorities.,4,Most of the time,My Work Unit,,
Q22,Employees in my work unit adapt to changing priorities.,3,Sometimes,My Work Unit,,
Q22,Employees in my work unit adapt to changing priorities.,2,Rarely,My Work Unit,,
Q22,Employees in my work unit adapt to changing priorities.,1,Never,My Work Unit,,
Q22,Employees in my work unit adapt to changing priorities.,X,No Basis to Judge,My Work Unit,,
Q23,New hires in my work unit (i.e. hired in the past year) have the right skills to do their jobs.,5,Strongly Agree,My Work Unit,,
Q23,New hires in my work unit (i.e. hired in the past year) have the right skills to do their jobs.,4,Agree,My Work Unit,,
Q23,New hires in my work unit (i.e. hired in the past year) have the right skills to do their jobs.,3,Neither Agree nor Disagree,My Work Unit,,
Q23,New hires in my work unit (i.e. hired in the past year) have the right skills to do their jobs.,2,Disagree,My Work Unit,,
Q23,New hires in my work unit (i.e. hired in the past year) have the right skills to do their jobs.,1,Strongly Disagree,My Work Unit,,
Q23,New hires in my work unit (i.e. hired in the past year) have the right skills to do their jobs.,X,There have been no recent hires in my work unit,My Work Unit,,
Q24,I can influence decisions in my work unit.,5,Strongly Agree,My Work Unit,,
Q24,I can influence decisions in my work unit.,4,Agree,My Work Unit,,
Q24,I can influence decisions in my work unit.,3,Neither Agree nor Disagree,My Work Unit,,
Q24,I can influence decisions in my work unit.,2,Disagree,My Work Unit,,
Q24,I can influence decisions in my work unit.,1,Strongly Disagree,My Work Unit,,
Q25,I know what my work unit’s goals are.,5,Strongly Agree,My Work Unit,,
Q25,I know what my work unit’s goals are.,4,Agree,My Work Unit,,
Q25,I know what my work unit’s goals are.,3,Neither Agree nor Disagree,My Work Unit,,
Q25,I know what my work unit’s goals are.,2,Disagree,My Work Unit,,
Q25,I know what my work unit’s goals are.,1,Strongly Disagree,My Work Unit,,
Q26,"My work unit commits resources to develop new ideas (e.g., budget, staff, time, expert support).",5,Strongly Agree,My Work Unit,,
Q26,"My work unit commits resources to develop new ideas (e.g., budget, staff, time, expert support).",4,Agree,My Work Unit,,
Q26,"My work unit commits resources to develop new ideas (e.g., budget, staff, time, expert support).",3,Neither Agree nor Disagree,My Work Unit,,
Q26,"My work unit commits resources to develop new ideas (e.g., budget, staff, time, expert support).",2,Disagree,My Work Unit,,
Q26,"My work unit commits resources to develop new ideas (e.g., budget, staff, time, expert support).",1,Strongly Disagree,My Work Unit,,
Q26,"My work unit commits resources to develop new ideas (e.g., budget, staff, time, expert support).",X,Do Not Know,My Work Unit,,
Q27,My work unit successfully manages disruptions to our work.,5,Strongly Agree,My Work Unit,,
Q27,My work unit successfully manages disruptions to our work.,4,Agree,My Work Unit,,
Q27,My work unit successfully manages disruptions to our work.,3,Neither Agree nor Disagree,My Work Unit,,
Q27,My work unit successfully manages disruptions to our work.,2,Disagree,My Work Unit,,
Q27,My work unit successfully manages disruptions to our work.,1,Strongly Disagree,My Work Unit,,
Q27,My work unit successfully manages disruptions to our work.,X,Do Not Know,My Work Unit,,
Q28,Employees in my work unit consistently look for new ways to improve how they do their work.,5,Strongly Agree,My Work Unit,,
Q28,Employees in my work unit consistently look for new ways to improve how they do their work.,4,Agree,My Work Unit,,
Q28,Employees in my work unit consistently look for new ways to improve how they do their work.,3,Neither Agree nor Disagree,My Work Unit,,
Q28,Employees in my work unit consistently look for new ways to improve how they do their work.,2,Disagree,My Work Unit,,
Q28,Employees in my work unit consistently look for new ways to improve how they do their work.,1,Strongly Disagree,My Work Unit,,
Q28,Employees in my work unit consistently look for new ways to improve how they do their work.,X,Do Not Know,My Work Unit,,
Q29,Employees in my work unit incorporate new ideas into their work.,5,Strongly Agree,My Work Unit,,
Q29,Employees in my work unit incorporate new ideas into their work.,4,Agree,My Work Unit,,
Q29,Employees in my work unit incorporate new ideas into their work.,3,Neither Agree nor Disagree,My Work Unit,,
Q29,Employees in my work unit incorporate new ideas into their work.,2,Disagree,My Work Unit,,
Q29,Employees in my work unit incorporate new ideas into their work.,1,Strongly Disagree,My Work Unit,,
Q29,Employees in my work unit incorporate new ideas into their work.,X,Do Not Know,My Work Unit,,
Q30,Employees in my work unit approach change as an opportunity.,5,Strongly Agree,My Work Unit,,
Q30,Employees in my work unit approach change as an opportunity.,4,Agree,My Work Unit,,
Q30,Employees in my work unit approach change as an opportunity.,3,Neither Agree nor Disagree,My Work Unit,,
Q30,Employees in my work unit approach change as an opportunity.,2,Disagree,My Work Unit,,
Q30,Employees in my work unit approach change as an opportunity.,1,Strongly Disagree,My Work Unit,,
Q30,Employees in my work unit approach change as an opportunity.,X,Do Not Know,My Work Unit,,
Q31,Employees in my work unit consider customer needs a top priority.,5,Strongly Agree,My Work Unit,,
Q31,Employees in my work unit consider customer needs a top priority.,4,Agree,My Work Unit,,
Q31,Employees in my work unit consider customer needs a top priority.,3,Neither Agree nor Disagree,My Work Unit,,
Q31,Employees in my work unit consider customer needs a top priority.,2,Disagree,My Work Unit,,
Q31,Employees in my work unit consider customer needs a top priority.,1,Strongly Disagree,My Work Unit,,
Q31,Employees in my work unit consider customer needs a top priority.,X,Do Not Know,My Work Unit,,
Q32,Employees in my work unit consistently look for ways to improve customer service.,5,Strongly Agree,My Work Unit,,
Q32,Employees in my work unit consistently look for ways to improve customer service.,4,Agree,My Work Unit,,
Q32,Employees in my work unit consistently look for ways to improve customer service.,3,Neither Agree nor Disagree,My Work Unit,,
Q32,Employees in my work unit consistently look for ways to improve customer service.,2,Disagree,My Work Unit,,
Q32,Employees in my work unit consistently look for ways to improve customer service.,1,Strongly Disagree,My Work Unit,,
Q32,Employees in my work unit consistently look for ways to improve customer service.,X,Do Not Know,My Work Unit,,
Q33,Employees in my work unit support my need to balance my work and personal responsibilities.,5,Strongly Agree,My Work Unit,,
Q33,Employees in my work unit support my need to balance my work and personal responsibilities.,4,Agree,My Work Unit,,
Q33,Employees in my work unit support my need to balance my work and personal responsibilities.,3,Neither Agree nor Disagree,My Work Unit,,
Q33,Employees in my work unit support my need to balance my work and personal responsibilities.,2,Disagree,My Work Unit,,
Q33,Employees in my work unit support my need to balance my work and personal responsibilities.,1,Strongly Disagree,My Work Unit,,
Q33,Employees in my work unit support my need to balance my work and personal responsibilities.,X,Do Not Know,My Work Unit,,
Q34,Employees in my work unit are typically under too much pressure to meet work goals.,1,Strongly Agree,My Work Unit,,"Negatively worded item; item response scale is reverse from other items. In reports using the 3-point Positive-Neutral-Negative scale, Positive refers to ""Strongly Disagree"" and ""Disagree"" while Negative refers to ""Strongly Agree"" and ""Agree"" responses."
Q34,Employees in my work unit are typically under too much pressure to meet work goals.,2,Agree,My Work Unit,,"Negatively worded item; item response scale is reverse from other items. In reports using the 3-point Positive-Neutral-Negative scale, Positive refers to ""Strongly Disagree"" and ""Disagree"" while Negative refers to ""Strongly Agree"" and ""Agree"" responses."
Q34,Employees in my work unit are typically under too much pressure to meet work goals.,3,Neither Agree nor Disagree,My Work Unit,,"Negatively worded item; item response scale is reverse from other items. In reports using the 3-point Positive-Neutral-Negative scale, Positive refers to ""Strongly Disagree"" and ""Disagree"" while Negative refers to ""Strongly Agree"" and ""Agree"" responses."
Q34,Employees in my work unit are typically under too much pressure to meet work goals.,4,Disagree,My Work Unit,,"Negatively worded item; item response scale is reverse from other items. In reports using the 3-point Positive-Neutral-Negative scale, Positive refers to ""Strongly Disagree"" and ""Disagree"" while Negative refers to ""Strongly Agree"" and ""Agree"" responses."
Q34,Employees in my work unit are typically under too much pressure to meet work goals.,5,Strongly Disagree,My Work Unit,,"Negatively worded item; item response scale is reverse from other items. In reports using the 3-point Positive-Neutral-Negative scale, Positive refers to ""Strongly Disagree"" and ""Disagree"" while Negative refers to ""Strongly Agree"" and ""Agree"" responses."
Q34,Employees in my work unit are typically under too much pressure to meet work goals.,X,Do Not Know,My Work Unit,,"Negatively worded item; item response scale is reverse from other items. In reports using the 3-point Positive-Neutral-Negative scale, Positive refers to ""Strongly Disagree"" and ""Disagree"" while Negative refers to ""Strongly Agree"" and ""Agree"" responses."
Q35,Employees are recognized for providing high quality products and services.,5,Strongly Agree,My Organization,,
Q35,Employees are recognized for providing high quality products and services.,4,Agree,My Organization,,
Q35,Employees are recognized for providing high quality products and services.,3,Neither Agree nor Disagree,My Organization,,
Q35,Employees are recognized for providing high quality products and services.,2,Disagree,My Organization,,
Q35,Employees are recognized for providing high quality products and services.,1,Strongly Disagree,My Organization,,
Q35,Employees are recognized for providing high quality products and services.,X,Do Not Know,My Organization,,
Q36,Employees are protected from health and safety hazards on the job.,5,Strongly Agree,My Organization,,
Q36,Employees are protected from health and safety hazards on the job.,4,Agree,My Organization,,
Q36,Employees are protected from health and safety hazards on the job.,3,Neither Agree nor Disagree,My Organization,,
Q36,Employees are protected from health and safety hazards on the job.,2,Disagree,My Organization,,
Q36,Employees are protected from health and safety hazards on the job.,1,Strongly Disagree,My Organization,,
Q36,Employees are protected from health and safety hazards on the job.,X,Do Not Know,My Organization,,
Q37,My organization is successful at accomplishing its mission.,5,Strongly Agree,My Organization,,"Item text slightly changed from ""agency"" to ""organization"""
Q37,My organization is successful at accomplishing its mission.,4,Agree,My Organization,,"Item text slightly changed from ""agency"" to ""organization"""
Q37,My organization is successful at accomplishing its mission.,3,Neither Agree nor Disagree,My Organization,,"Item text slightly changed from ""agency"" to ""organization"""
Q37,My organization is successful at accomplishing its mission.,2,Disagree,My Organization,,"Item text slightly changed from ""agency"" to ""organization"""
Q37,My organization is successful at accomplishing its mission.,1,Strongly Disagree,My Organization,,"Item text slightly changed from ""agency"" to ""organization"""
Q37,My organization is successful at accomplishing its mission.,X,Do Not Know,My Organization,,"Item text slightly changed from ""agency"" to ""organization"""
Q38,I have a good understanding of my organization’s priorities.,5,Strongly Agree,My Organization,,
Q38,I have a good understanding of my organization’s priorities.,4,Agree,My Organization,,
Q38,I have a good understanding of my organization’s priorities.,3,Neither Agree nor Disagree,My Organization,,
Q38,I have a good understanding of my organization’s priorities.,2,Disagree,My Organization,,
Q38,I have a good understanding of my organization’s priorities.,1,Strongly Disagree,My Organization,,
Q39,My organization effectively adapts to changing government priorities.,5,Strongly Agree,My Organization,,
Q39,My organization effectively adapts to changing government priorities.,4,Agree,My Organization,,
Q39,My organization effectively adapts to changing government priorities.,3,Neither Agree nor Disagree,My Organization,,
Q39,My organization effectively adapts to changing government priorities.,2,Disagree,My Organization,,
Q39,My organization effectively adapts to changing government priorities.,1,Strongly Disagree,My Organization,,
Q39,My organization effectively adapts to changing government priorities.,X,Do Not Know,My Organization,,
Q40,My organization has prepared me for potential physical security threats.,5,Strongly Agree,My Organization,,
Q40,My organization has prepared me for potential physical security threats.,4,Agree,My Organization,,
Q40,My organization has prepared me for potential physical security threats.,3,Neither Agree nor Disagree,My Organization,,
Q40,My organization has prepared me for potential physical security threats.,2,Disagree,My Organization,,
Q40,My organization has prepared me for potential physical security threats.,1,Strongly Disagree,My Organization,,
Q40,My organization has prepared me for potential physical security threats.,X,Do Not Know,My Organization,,
Q41,My organization has prepared me for potential cybersecurity threats.,5,Strongly Agree,My Organization,,
Q41,My organization has prepared me for potential cybersecurity threats.,4,Agree,My Organization,,
Q41,My organization has prepared me for potential cybersecurity threats.,3,Neither Agree nor Disagree,My Organization,,
Q41,My organization has prepared me for potential cybersecurity threats.,2,Disagree,My Organization,,
Q41,My organization has prepared me for potential cybersecurity threats.,1,Strongly Disagree,My Organization,,
Q41,My organization has prepared me for potential cybersecurity threats.,X,Do Not Know,My Organization,,
Q42,"In my organization, arbitrary action, personal favoritism and/or political coercion are not tolerated.",5,Strongly Agree,My Organization,,
Q42,"In my organization, arbitrary action, personal favoritism and/or political coercion are not tolerated.",4,Agree,My Organization,,
Q42,"In my organization, arbitrary action, personal favoritism and/or political coercion are not tolerated.",3,Neither Agree nor Disagree,My Organization,,
Q42,"In my organization, arbitrary action, personal favoritism and/or political coercion are not tolerated.",2,Disagree,My Organization,,
Q42,"In my organization, arbitrary action, personal favoritism and/or political coercion are not tolerated.",1,Strongly Disagree,My Organization,,
Q42,"In my organization, arbitrary action, personal favoritism and/or political coercion are not tolerated.",X,Do Not Know,My Organization,,
Q43,I recommend my organization as a good place to work.,5,Strongly Agree,My Organization,Global Satisfaction Index,
Q43,I recommend my organization as a good place to work.,4,Agree,My Organization,Global Satisfaction Index,
Q43,I recommend my organization as a good place to work.,3,Neither Agree nor Disagree,My Organization,Global Satisfaction Index,
Q43,I recommend my organization as a good place to work.,2,Disagree,My Organization,Global Satisfaction Index,
Q43,I recommend my organization as a good place to work.,1,Strongly Disagree,My Organization,Global Satisfaction Index,
Q44,I believe the results of this survey will be used to make my agency a better place to work.,5,Strongly Agree,My Organization,,
Q44,I believe the results of this survey will be used to make my agency a better place to work.,4,Agree,My Organization,,
Q44,I believe the results of this survey will be used to make my agency a better place to work.,3,Neither Agree nor Disagree,My Organization,,
Q44,I believe the results of this survey will be used to make my agency a better place to work.,2,Disagree,My Organization,,
Q44,I believe the results of this survey will be used to make my agency a better place to work.,1,Strongly Disagree,My Organization,,
Q44,I believe the results of this survey will be used to make my agency a better place to work.,X,Do Not Know,My Organization,,
Q45,My supervisor is committed to a workforce representative of all segments of society.,5,Strongly Agree,My Supervisor,,
Q45,My supervisor is committed to a workforce representative of all segments of society.,4,Agree,My Supervisor,,
Q45,My supervisor is committed to a workforce representative of all segments of society.,3,Neither Agree nor Disagree,My Supervisor,,
Q45,My supervisor is committed to a workforce representative of all segments of society.,2,Disagree,My Supervisor,,
Q45,My supervisor is committed to a workforce representative of all segments of society.,1,Strongly Disagree,My Supervisor,,
Q45,My supervisor is committed to a workforce representative of all segments of society.,X,Do Not Know,My Supervisor,,
Q46,Supervisors in my work unit support employee development.,5,Strongly Agree,My Supervisor,Employee Engagement Index - Supervisors Subindex,
Q46,Supervisors in my work unit support employee development.,4,Agree,My Supervisor,Employee Engagement Index - Supervisors Subindex,
Q46,Supervisors in my work unit support employee development.,3,Neither Agree nor Disagree,My Supervisor,Employee Engagement Index - Supervisors Subindex,
Q46,Supervisors in my work unit support employee development.,2,Disagree,My Supervisor,Employee Engagement Index - Supervisors Subindex,
Q46,Supervisors in my work unit support employee development.,1,Strongly Disagree,My Supervisor,Employee Engagement Index - Supervisors Subindex,
Q46,Supervisors in my work unit support employee development.,X,Do Not Know,My Supervisor,Employee Engagement Index - Supervisors Subindex,
Q47,My supervisor supports my need to balance work and other life issues.,5,Strongly Agree,My Supervisor,,
Q47,My supervisor supports my need to balance work and other life issues.,4,Agree,My Supervisor,,
Q47,My supervisor supports my need to balance work and other life issues.,3,Neither Agree nor Disagree,My Supervisor,,
Q47,My supervisor supports my need to balance work and other life issues.,2,Disagree,My Supervisor,,
Q47,My supervisor supports my need to balance work and other life issues.,1,Strongly Disagree,My Supervisor,,
Q48,My supervisor listens to what I have to say.,5,Strongly Agree,My Supervisor,Employee Engagement Index - Supervisors Subindex,
Q48,My supervisor listens to what I have to say.,4,Agree,My Supervisor,Employee Engagement Index - Supervisors Subindex,
Q48,My supervisor listens to what I have to say.,3,Neither Agree nor Disagree,My Supervisor,Employee Engagement Index - Supervisors Subindex,
Q48,My supervisor listens to what I have to say.,2,Disagree,My Supervisor,Employee Engagement Index - Supervisors Subindex,
Q48,My supervisor listens to what I have to say.,1,Strongly Disagree,My Supervisor,Employee Engagement Index - Supervisors Subindex,
Q49,My supervisor treats me with respect.,5,Strongly Agree,My Supervisor,Employee Engagement Index - Supervisors Subindex,
Q49,My supervisor treats me with respect.,4,Agree,My Supervisor,Employee Engagement Index - Supervisors Subindex,
Q49,My supervisor treats me with respect.,3,Neither Agree nor Disagree,My Supervisor,Employee Engagement Index - Supervisors Subindex,
Q49,My supervisor treats me with respect.,2,Disagree,My Supervisor,Employee Engagement Index - Supervisors Subindex,
Q49,My supervisor treats me with respect.,1,Strongly Disagree,My Supervisor,Employee Engagement Index - Supervisors Subindex,
Q50,I have trust and confidence in my supervisor.,5,Strongly Agree,My Supervisor,Employee Engagement Index - Supervisors Subindex,
Q50,I have trust and confidence in my supervisor.,4,Agree,My Supervisor,Employee Engagement Index - Supervisors Subindex,
Q50,I have trust and confidence in my supervisor.,3,Neither Agree nor Disagree,My Supervisor,Employee Engagement Index - Supervisors Subindex,
Q50,I have trust and confidence in my supervisor.,2,Disagree,My Supervisor,Employee Engagement Index - Supervisors Subindex,
Q50,I have trust and confidence in my supervisor.,1,Strongly Disagree,My Supervisor,Employee Engagement Index - Supervisors Subindex,
Q51,My supervisor holds me accountable for achieving results.,5,Strongly Agree,My Supervisor,,
Q51,My supervisor holds me accountable for achieving results.,4,Agree,My Supervisor,,
Q51,My supervisor holds me accountable for achieving results.,3,Neither Agree nor Disagree,My Supervisor,,
Q51,My supervisor holds me accountable for achieving results.,2,Disagree,My Supervisor,,
Q51,My supervisor holds me accountable for achieving results.,1,Strongly Disagree,My Supervisor,,
Q52,"Overall, how good a job do you feel is being done by your immediate supervisor?",5,Very Good,My Supervisor,Employee Engagement Index - Supervisors Subindex,
Q52,"Overall, how good a job do you feel is being done by your immediate supervisor?",4,Good,My Supervisor,Employee Engagement Index - Supervisors Subindex,
Q52,"Overall, how good a job do you feel is being done by your immediate supervisor?",3,Fair,My Supervisor,Employee Engagement Index - Supervisors Subindex,
Q52,"Overall, how good a job do you feel is being done by your immediate supervisor?",2,Poor,My Supervisor,Employee Engagement Index - Supervisors Subindex,
Q52,"Overall, how good a job do you feel is being done by your immediate supervisor?",1,Very Poor,My Supervisor,Employee Engagement Index - Supervisors Subindex,
Q53,My supervisor provides me with constructive suggestions to improve my job performance.,5,Strongly Agree,My Supervisor,,
Q53,My supervisor provides me with constructive suggestions to improve my job performance.,4,Agree,My Supervisor,,
Q53,My supervisor provides me with constructive suggestions to improve my job performance.,3,Neither Agree nor Disagree,My Supervisor,,
Q53,My supervisor provides me with constructive suggestions to improve my job performance.,2,Disagree,My Supervisor,,
Q53,My supervisor provides me with constructive suggestions to improve my job performance.,1,Strongly Disagree,My Supervisor,,
Q54,My supervisor provides me with performance feedback throughout the year.,5,Strongly Agree,My Supervisor,,
Q54,My supervisor provides me with performance feedback throughout the year.,4,Agree,My Supervisor,,
Q54,My supervisor provides me with performance feedback throughout the year.,3,Neither Agree nor Disagree,My Supervisor,,
Q54,My supervisor provides me with performance feedback throughout the year.,2,Disagree,My Supervisor,,
Q54,My supervisor provides me with performance feedback throughout the year.,1,Strongly Disagree,My Supervisor,,
Q54,My supervisor provides me with performance feedback throughout the year.,X,Do Not Know,My Supervisor,,
Q55,"In my organization, senior leaders generate high levels of motivation and commitment in the workforce.",5,Strongly Agree,Leadership,Employee Engagement Index - Leaders Lead Subindex,
Q55,"In my organization, senior leaders generate high levels of motivation and commitment in the workforce.",4,Agree,Leadership,Employee Engagement Index - Leaders Lead Subindex,
Q55,"In my organization, senior leaders generate high levels of motivation and commitment in the workforce.",3,Neither Agree nor Disagree,Leadership,Employee Engagement Index - Leaders Lead Subindex,
Q55,"In my organization, senior leaders generate high levels of motivation and commitment in the workforce.",2,Disagree,Leadership,Employee Engagement Index - Leaders Lead Subindex,
Q55,"In my organization, senior leaders generate high levels of motivation and commitment in the workforce.",1,Strongly Disagree,Leadership,Employee Engagement Index - Leaders Lead Subindex,
Q55,"In my organization, senior leaders generate high levels of motivation and commitment in the workforce.",X,Do Not Know,Leadership,Employee Engagement Index - Leaders Lead Subindex,
Q56,My organization's senior leaders maintain high standards of honesty and integrity.,5,Strongly Agree,Leadership,Employee Engagement Index - Leaders Lead Subindex,
Q56,My organization's senior leaders maintain high standards of honesty and integrity.,4,Agree,Leadership,Employee Engagement Index - Leaders Lead Subindex,
Q56,My organization's senior leaders maintain high standards of honesty and integrity.,3,Neither Agree nor Disagree,Leadership,Employee Engagement Index - Leaders Lead Subindex,
Q56,My organization's senior leaders maintain high standards of honesty and integrity.,2,Disagree,Leadership,Employee Engagement Index - Leaders Lead Subindex,
Q56,My organization's senior leaders maintain high standards of honesty and integrity.,1,Strongly Disagree,Leadership,Employee Engagement Index - Leaders Lead Subindex,
Q56,My organization's senior leaders maintain high standards of honesty and integrity.,X,Do Not Know,Leadership,Employee Engagement Index - Leaders Lead Subindex,
Q57,Managers communicate the goals of the organization.,5,Strongly Agree,Leadership,Employee Engagement Index - Leaders Lead Subindex,
Q57,Managers communicate the goals of the organization.,4,Agree,Leadership,Employee Engagement Index - Leaders Lead Subindex,
Q57,Managers communicate the goals of the organization.,3,Neither Agree nor Disagree,Leadership,Employee Engagement Index - Leaders Lead Subindex,
Q57,Managers communicate the goals of the organization.,2,Disagree,Leadership,Employee Engagement Index - Leaders Lead Subindex,
Q57,Managers communicate the goals of the organization.,1,Strongly Disagree,Leadership,Employee Engagement Index - Leaders Lead Subindex,
Q57,Managers communicate the goals of the organization.,X,Do Not Know,Leadership,Employee Engagement Index - Leaders Lead Subindex,
Q58,"Managers promote communication among different work units (for example, about projects, goals, needed resources).",5,Strongly Agree,Leadership,,
Q58,"Managers promote communication among different work units (for example, about projects, goals, needed resources).",4,Agree,Leadership,,
Q58,"Managers promote communication among different work units (for example, about projects, goals, needed resources).",3,Neither Agree nor Disagree,Leadership,,
Q58,"Managers promote communication among different work units (for example, about projects, goals, needed resources).",2,Disagree,Leadership,,
Q58,"Managers promote communication among different work units (for example, about projects, goals, needed resources).",1,Strongly Disagree,Leadership,,
Q58,"Managers promote communication among different work units (for example, about projects, goals, needed resources).",X,Do Not Know,Leadership,,
Q59,"Overall, how good a job do you feel is being done by the manager directly above your immediate supervisor?",5,Very Good,Leadership,Employee Engagement Index - Leaders Lead Subindex,
Q59,"Overall, how good a job do you feel is being done by the manager directly above your immediate supervisor?",4,Good,Leadership,Employee Engagement Index - Leaders Lead Subindex,
Q59,"Overall, how good a job do you feel is being done by the manager directly above your immediate supervisor?",3,Fair,Leadership,Employee Engagement Index - Leaders Lead Subindex,
Q59,"Overall, how good a job do you feel is being done by the manager directly above your immediate supervisor?",2,Poor,Leadership,Employee Engagement Index - Leaders Lead Subindex,
Q59,"Overall, how good a job do you feel is being done by the manager directly above your immediate supervisor?",1,Very Poor,Leadership,Employee Engagement Index - Leaders Lead Subindex,
Q59,"Overall, how good a job do you feel is being done by the manager directly above your immediate supervisor?",X,Do Not Know,Leadership,Employee Engagement Index - Leaders Lead Subindex,
Q60,I have a high level of respect for my organization's senior leaders.,5,Strongly Agree,Leadership,Employee Engagement Index - Leaders Lead Subindex,
Q60,I have a high level of respect for my organization's senior leaders.,4,Agree,Leadership,Employee Engagement Index - Leaders Lead Subindex,
Q60,I have a high level of respect for my organization's senior leaders.,3,Neither Agree nor Disagree,Leadership,Employee Engagement Index - Leaders Lead Subindex,
Q60,I have a high level of respect for my organization's senior leaders.,2,Disagree,Leadership,Employee Engagement Index - Leaders Lead Subindex,
Q60,I have a high level of respect for my organization's senior leaders.,1,Strongly Disagree,Leadership,Employee Engagement Index - Leaders Lead Subindex,
Q60,I have a high level of respect for my organization's senior leaders.,X,Do Not Know,Leadership,Employee Engagement Index - Leaders Lead Subindex,
Q61,Senior leaders demonstrate support for Work-Life programs.,5,Strongly Agree,Leadership,,
Q61,Senior leaders demonstrate support for Work-Life programs.,4,Agree,Leadership,,
Q61,Senior leaders demonstrate support for Work-Life programs.,3,Neither Agree nor Disagree,Leadership,,
Q61,Senior leaders demonstrate support for Work-Life programs.,2,Disagree,Leadership,,
Q61,Senior leaders demonstrate support for Work-Life programs.,1,Strongly Disagree,Leadership,,
Q61,Senior leaders demonstrate support for Work-Life programs.,X,Do Not Know,Leadership,,
Q62,Management encourages innovation.,5,Strongly Agree,Leadership,,
Q62,Management encourages innovation.,4,Agree,Leadership,,
Q62,Management encourages innovation.,3,Neither Agree nor Disagree,Leadership,,
Q62,Management encourages innovation.,2,Disagree,Leadership,,
Q62,Management encourages innovation.,1,Strongly Disagree,Leadership,,
Q62,Management encourages innovation.,X,Do Not Know,Leadership,,
Q63,Management makes effective changes to address challenges facing our organization.,5,Strongly Agree,Leadership,,
Q63,Management makes effective changes to address challenges facing our organization.,4,Agree,Leadership,,
Q63,Management makes effective changes to address challenges facing our organization.,3,Neither Agree nor Disagree,Leadership,,
Q63,Management makes effective changes to address challenges facing our organization.,2,Disagree,Leadership,,
Q63,Management makes effective changes to address challenges facing our organization.,1,Strongly Disagree,Leadership,,
Q63,Management makes effective changes to address challenges facing our organization.,X,Do Not Know,Leadership,,
Q64,Management involves employees in decisions that affect their work.,5,Strongly Agree,Leadership,,
Q64,Management involves employees in decisions that affect their work.,4,Agree,Leadership,,
Q64,Management involves employees in decisions that affect their work.,3,Neither Agree nor Disagree,Leadership,,
Q64,Management involves employees in decisions that affect their work.,2,Disagree,Leadership,,
Q64,Management involves employees in decisions that affect their work.,1,Strongly Disagree,Leadership,,
Q64,Management involves employees in decisions that affect their work.,X,Do Not Know,Leadership,,
Q65,How satisfied are you with your involvement in decisions that affect your work?,5,Very Satisfied,My Satisfaction,,
Q65,How satisfied are you with your involvement in decisions that affect your work?,4,Satisfied,My Satisfaction,,
Q65,How satisfied are you with your involvement in decisions that affect your work?,3,Neither Satisfied nor Dissatisfied,My Satisfaction,,
Q65,How satisfied are you with your involvement in decisions that affect your work?,2,Dissatisfied,My Satisfaction,,
Q65,How satisfied are you with your involvement in decisions that affect your work?,1,Very Dissatisfied,My Satisfaction,,
Q66,How satisfied are you with the information you receive from management on what's going on in your organization?,5,Very Satisfied,My Satisfaction,,
Q66,How satisfied are you with the information you receive from management on what's going on in your organization?,4,Satisfied,My Satisfaction,,
Q66,How satisfied are you with the information you receive from management on what's going on in your organization?,3,Neither Satisfied nor Dissatisfied,My Satisfaction,,
Q66,How satisfied are you with the information you receive from management on what's going on in your organization?,2,Dissatisfied,My Satisfaction,,
Q66,How satisfied are you with the information you receive from management on what's going on in your organization?,1,Very Dissatisfied,My Satisfaction,,
Q67,How satisfied are you with the recognition you receive for doing a good job?,5,Very Satisfied,My Satisfaction,,
Q67,How satisfied are you with the recognition you receive for doing a good job?,4,Satisfied,My Satisfaction,,
Q67,How satisfied are you with the recognition you receive for doing a good job?,3,Neither Satisfied nor Dissatisfied,My Satisfaction,,
Q67,How satisfied are you with the recognition you receive for doing a good job?,2,Dissatisfied,My Satisfaction,,
Q67,How satisfied are you with the recognition you receive for doing a good job?,1,Very Dissatisfied,My Satisfaction,,
Q68,"Considering everything, how satisfied are you with your job?",5,Very Satisfied,My Satisfaction,Global Satisfaction Index,
Q68,"Considering everything, how satisfied are you with your job?",4,Satisfied,My Satisfaction,Global Satisfaction Index,
Q68,"Considering everything, how satisfied are you with your job?",3,Neither Satisfied nor Dissatisfied,My Satisfaction,Global Satisfaction Index,
Q68,"Considering everything, how satisfied are you with your job?",2,Dissatisfied,My Satisfaction,Global Satisfaction Index,
Q68,"Considering everything, how satisfied are you with your job?",1,Very Dissatisfied,My Satisfaction,Global Satisfaction Index,
Q69,"Considering everything, how satisfied are you with your pay?",5,Very Satisfied,My Satisfaction,Global Satisfaction Index,
Q69,"Considering everything, how satisfied are you with your pay?",4,Satisfied,My Satisfaction,Global Satisfaction Index,
Q69,"Considering everything, how satisfied are you with your pay?",3,Neither Satisfied nor Dissatisfied,My Satisfaction,Global Satisfaction Index,
Q69,"Considering everything, how satisfied are you with your pay?",2,Dissatisfied,My Satisfaction,Global Satisfaction Index,
Q69,"Considering everything, how satisfied are you with your pay?",1,Very Dissatisfied,My Satisfaction,Global Satisfaction Index,
Q70,"Considering everything, how satisfied are you with your organization?",5,Very Satisfied,My Satisfaction,Global Satisfaction Index,
Q70,"Considering everything, how satisfied are you with your organization?",4,Satisfied,My Satisfaction,Global Satisfaction Index,
Q70,"Considering everything, how satisfied are you with your organization?",3,Neither Satisfied nor Dissatisfied,My Satisfaction,Global Satisfaction Index,
Q70,"Considering everything, how satisfied are you with your organization?",2,Dissatisfied,My Satisfaction,Global Satisfaction Index,
Q70,"Considering everything, how satisfied are you with your organization?",1,Very Dissatisfied,My Satisfaction,Global Satisfaction Index,
Q71,"My organization’s management practices promote diversity (e.g., outreach, recruitment, promotion opportunities).",5,Strongly Agree,"Diversity, Equity, Inclusion, and Accessibility","Diversity, Equity, Inclusion, Accessibility Index - Diversity Subindex",
Q71,"My organization’s management practices promote diversity (e.g., outreach, recruitment, promotion opportunities).",4,Agree,"Diversity, Equity, Inclusion, and Accessibility","Diversity, Equity, Inclusion, Accessibility Index - Diversity Subindex",
Q71,"My organization’s management practices promote diversity (e.g., outreach, recruitment, promotion opportunities).",3,Neither Agree nor Disagree,"Diversity, Equity, Inclusion, and Accessibility","Diversity, Equity, Inclusion, Accessibility Index - Diversity Subindex",
Q71,"My organization’s management practices promote diversity (e.g., outreach, recruitment, promotion opportunities).",2,Disagree,"Diversity, Equity, Inclusion, and Accessibility","Diversity, Equity, Inclusion, Accessibility Index - Diversity Subindex",
Q71,"My organization’s management practices promote diversity (e.g., outreach, recruitment, promotion opportunities).",1,Strongly Disagree,"Diversity, Equity, Inclusion, and Accessibility","Diversity, Equity, Inclusion, Accessibility Index - Diversity Subindex",
Q71,"My organization’s management practices promote diversity (e.g., outreach, recruitment, promotion opportunities).",X,Do Not Know,"Diversity, Equity, Inclusion, and Accessibility","Diversity, Equity, Inclusion, Accessibility Index - Diversity Subindex",
Q72,"My supervisor demonstrates a commitment to workforce diversity (e.g., recruitment, promotion opportunities, development).",5,Strongly Agree,"Diversity, Equity, Inclusion, and Accessibility","Diversity, Equity, Inclusion, Accessibility Index - Diversity Subindex",
Q72,"My supervisor demonstrates a commitment to workforce diversity (e.g., recruitment, promotion opportunities, development).",4,Agree,"Diversity, Equity, Inclusion, and Accessibility","Diversity, Equity, Inclusion, Accessibility Index - Diversity Subindex",
Q72,"My supervisor demonstrates a commitment to workforce diversity (e.g., recruitment, promotion opportunities, development).",3,Neither Agree nor Disagree,"Diversity, Equity, Inclusion, and Accessibility","Diversity, Equity, Inclusion, Accessibility Index - Diversity Subindex",
Q72,"My supervisor demonstrates a commitment to workforce diversity (e.g., recruitment, promotion opportunities, development).",2,Disagree,"Diversity, Equity, Inclusion, and Accessibility","Diversity, Equity, Inclusion, Accessibility Index - Diversity Subindex",
Q72,"My supervisor demonstrates a commitment to workforce diversity (e.g., recruitment, promotion opportunities, development).",1,Strongly Disagree,"Diversity, Equity, Inclusion, and Accessibility","Diversity, Equity, Inclusion, Accessibility Index - Diversity Subindex",
Q72,"My supervisor demonstrates a commitment to workforce diversity (e.g., recruitment, promotion opportunities, development).",X,Do Not Know,"Diversity, Equity, Inclusion, and Accessibility","Diversity, Equity, Inclusion, Accessibility Index - Diversity Subindex",
Q73,"I have similar access to advancement opportunities (e.g., promotion, career development, training) as others in my work unit.",5,Strongly Agree,"Diversity, Equity, Inclusion, and Accessibility","Diversity, Equity, Inclusion, Accessibility Index - Equity Subindex",
Q73,"I have similar access to advancement opportunities (e.g., promotion, career development, training) as others in my work unit.",4,Agree,"Diversity, Equity, Inclusion, and Accessibility","Diversity, Equity, Inclusion, Accessibility Index - Equity Subindex",
Q73,"I have similar access to advancement opportunities (e.g., promotion, career development, training) as others in my work unit.",3,Neither Agree nor Disagree,"Diversity, Equity, Inclusion, and Accessibility","Diversity, Equity, Inclusion, Accessibility Index - Equity Subindex",
Q73,"I have similar access to advancement opportunities (e.g., promotion, career development, training) as others in my work unit.",2,Disagree,"Diversity, Equity, Inclusion, and Accessibility","Diversity, Equity, Inclusion, Accessibility Index - Equity Subindex",
Q73,"I have similar access to advancement opportunities (e.g., promotion, career development, training) as others in my work unit.",1,Strongly Disagree,"Diversity, Equity, Inclusion, and Accessibility","Diversity, Equity, Inclusion, Accessibility Index - Equity Subindex",
Q73,"I have similar access to advancement opportunities (e.g., promotion, career development, training) as others in my work unit.",X,Do Not Know,"Diversity, Equity, Inclusion, and Accessibility","Diversity, Equity, Inclusion, Accessibility Index - Equity Subindex",
Q74,"My supervisor provides opportunities fairly to all employees in my work unit (e.g., promotions, work assignments).",5,Strongly Agree,"Diversity, Equity, Inclusion, and Accessibility","Diversity, Equity, Inclusion, Accessibility Index - Equity Subindex",
Q74,"My supervisor provides opportunities fairly to all employees in my work unit (e.g., promotions, work assignments).",4,Agree,"Diversity, Equity, Inclusion, and Accessibility","Diversity, Equity, Inclusion, Accessibility Index - Equity Subindex",
Q74,"My supervisor provides opportunities fairly to all employees in my work unit (e.g., promotions, work assignments).",3,Neither Agree nor Disagree,"Diversity, Equity, Inclusion, and Accessibility","Diversity, Equity, Inclusion, Accessibility Index - Equity Subindex",
Q74,"My supervisor provides opportunities fairly to all employees in my work unit (e.g., promotions, work assignments).",2,Disagree,"Diversity, Equity, Inclusion, and Accessibility","Diversity, Equity, Inclusion, Accessibility Index - Equity Subindex",
Q74,"My supervisor provides opportunities fairly to all employees in my work unit (e.g., promotions, work assignments).",1,Strongly Disagree,"Diversity, Equity, Inclusion, and Accessibility","Diversity, Equity, Inclusion, Accessibility Index - Equity Subindex",
Q74,"My supervisor provides opportunities fairly to all employees in my work unit (e.g., promotions, work assignments).",X,Do Not Know,"Diversity, Equity, Inclusion, and Accessibility","Diversity, Equity, Inclusion, Accessibility Index - Equity Subindex",
Q75,"In my work unit, excellent work is similarly recognized for all employees (e.g., awards, acknowledgements).",5,Strongly Agree,"Diversity, Equity, Inclusion, and Accessibility","Diversity, Equity, Inclusion, Accessibility Index - Equity Subindex",
Q75,"In my work unit, excellent work is similarly recognized for all employees (e.g., awards, acknowledgements).",4,Agree,"Diversity, Equity, Inclusion, and Accessibility","Diversity, Equity, Inclusion, Accessibility Index - Equity Subindex",
Q75,"In my work unit, excellent work is similarly recognized for all employees (e.g., awards, acknowledgements).",3,Neither Agree nor Disagree,"Diversity, Equity, Inclusion, and Accessibility","Diversity, Equity, Inclusion, Accessibility Index - Equity Subindex",
Q75,"In my work unit, excellent work is similarly recognized for all employees (e.g., awards, acknowledgements).",2,Disagree,"Diversity, Equity, Inclusion, and Accessibility","Diversity, Equity, Inclusion, Accessibility Index - Equity Subindex",
Q75,"In my work unit, excellent work is similarly recognized for all employees (e.g., awards, acknowledgements).",1,Strongly Disagree,"Diversity, Equity, Inclusion, and Accessibility","Diversity, Equity, Inclusion, Accessibility Index - Equity Subindex",
Q75,"In my work unit, excellent work is similarly recognized for all employees (e.g., awards, acknowledgements).",X,Do Not Know,"Diversity, Equity, Inclusion, and Accessibility","Diversity, Equity, Inclusion, Accessibility Index - Equity Subindex",
Q76,Employees in my work unit treat me as a valued member of the team.,5,Strongly Agree,"Diversity, Equity, Inclusion, and Accessibility",,
Q76,Employees in my work unit treat me as a valued member of the team.,4,Agree,"Diversity, Equity, Inclusion, and Accessibility",,
Q76,Employees in my work unit treat me as a valued member of the team.,3,Neither Agree nor Disagree,"Diversity, Equity, Inclusion, and Accessibility",,
Q76,Employees in my work unit treat me as a valued member of the team.,2,Disagree,"Diversity, Equity, Inclusion, and Accessibility",,
Q76,Employees in my work unit treat me as a valued member of the team.,1,Strongly Disagree,"Diversity, Equity, Inclusion, and Accessibility",,
Q76,Employees in my work unit treat me as a valued member of the team.,X,No Basis to Judge,"Diversity, Equity, Inclusion, and Accessibility",,
Q77,Employees in my work unit make me feel I belong.,5,Strongly Agree,"Diversity, Equity, Inclusion, and Accessibility","Diversity, Equity, Inclusion, Accessibility Index - Inclusion Subindex",
Q77,Employees in my work unit make me feel I belong.,4,Agree,"Diversity, Equity, Inclusion, and Accessibility","Diversity, Equity, Inclusion, Accessibility Index - Inclusion Subindex",
Q77,Employees in my work unit make me feel I belong.,3,Neither Agree nor Disagree,"Diversity, Equity, Inclusion, and Accessibility","Diversity, Equity, Inclusion, Accessibility Index - Inclusion Subindex",
Q77,Employees in my work unit make me feel I belong.,2,Disagree,"Diversity, Equity, Inclusion, and Accessibility","Diversity, Equity, Inclusion, Accessibility Index - Inclusion Subindex",
Q77,Employees in my work unit make me feel I belong.,1,Strongly Disagree,"Diversity, Equity, Inclusion, and Accessibility","Diversity, Equity, Inclusion, Accessibility Index - Inclusion Subindex",
Q77,Employees in my work unit make me feel I belong.,X,No Basis to Judge,"Diversity, Equity, Inclusion, and Accessibility","Diversity, Equity, Inclusion, Accessibility Index - Inclusion Subindex",
Q78,Employees in my work unit care about me as a person.,5,Strongly Agree,"Diversity, Equity, Inclusion, and Accessibility","Diversity, Equity, Inclusion, Accessibility Index - Inclusion Subindex",
Q78,Employees in my work unit care about me as a person.,4,Agree,"Diversity, Equity, Inclusion, and Accessibility","Diversity, Equity, Inclusion, Accessibility Index - Inclusion Subindex",
Q78,Employees in my work unit care about me as a person.,3,Neither Agree nor Disagree,"Diversity, Equity, Inclusion, and Accessibility","Diversity, Equity, Inclusion, Accessibility Index - Inclusion Subindex",
Q78,Employees in my work unit care about me as a person.,2,Disagree,"Diversity, Equity, Inclusion, and Accessibility","Diversity, Equity, Inclusion, Accessibility Index - Inclusion Subindex",
Q78,Employees in my work unit care about me as a person.,1,Strongly Disagree,"Diversity, Equity, Inclusion, and Accessibility","Diversity, Equity, Inclusion, Accessibility Index - Inclusion Subindex",
Q78,Employees in my work unit care about me as a person.,X,No Basis to Judge,"Diversity, Equity, Inclusion, and Accessibility","Diversity, Equity, Inclusion, Accessibility Index - Inclusion Subindex",
Q79,I am comfortable expressing opinions that are different from other employees in my work unit.,5,Strongly Agree,"Diversity, Equity, Inclusion, and Accessibility","Diversity, Equity, Inclusion, Accessibility Index - Inclusion Subindex",
Q79,I am comfortable expressing opinions that are different from other employees in my work unit.,4,Agree,"Diversity, Equity, Inclusion, and Accessibility","Diversity, Equity, Inclusion, Accessibility Index - Inclusion Subindex",
Q79,I am comfortable expressing opinions that are different from other employees in my work unit.,3,Neither Agree nor Disagree,"Diversity, Equity, Inclusion, and Accessibility","Diversity, Equity, Inclusion, Accessibility Index - Inclusion Subindex",
Q79,I am comfortable expressing opinions that are different from other employees in my work unit.,2,Disagree,"Diversity, Equity, Inclusion, and Accessibility","Diversity, Equity, Inclusion, Accessibility Index - Inclusion Subindex",
Q79,I am comfortable expressing opinions that are different from other employees in my work unit.,1,Strongly Disagree,"Diversity, Equity, Inclusion, and Accessibility","Diversity, Equity, Inclusion, Accessibility Index - Inclusion Subindex",
Q79,I am comfortable expressing opinions that are different from other employees in my work unit.,X,No Basis to Judge,"Diversity, Equity, Inclusion, and Accessibility","Diversity, Equity, Inclusion, Accessibility Index - Inclusion Subindex",
Q80,"In my work unit, people’s differences are respected.",5,Strongly Agree,"Diversity, Equity, Inclusion, and Accessibility","Diversity, Equity, Inclusion, Accessibility Index - Inclusion Subindex",
Q80,"In my work unit, people’s differences are respected.",4,Agree,"Diversity, Equity, Inclusion, and Accessibility","Diversity, Equity, Inclusion, Accessibility Index - Inclusion Subindex",
Q80,"In my work unit, people’s differences are respected.",3,Neither Agree nor Disagree,"Diversity, Equity, Inclusion, and Accessibility","Diversity, Equity, Inclusion, Accessibility Index - Inclusion Subindex",
Q80,"In my work unit, people’s differences are respected.",2,Disagree,"Diversity, Equity, Inclusion, and Accessibility","Diversity, Equity, Inclusion, Accessibility Index - Inclusion Subindex",
Q80,"In my work unit, people’s differences are respected.",1,Strongly Disagree,"Diversity, Equity, Inclusion, and Accessibility","Diversity, Equity, Inclusion, Accessibility Index - Inclusion Subindex",
Q80,"In my work unit, people’s differences are respected.",X,No Basis to Judge,"Diversity, Equity, Inclusion, and Accessibility","Diversity, Equity, Inclusion, Accessibility Index - Inclusion Subindex",
Q81,I can be successful in my organization being myself.,5,Strongly Agree,"Diversity, Equity, Inclusion, and Accessibility","Diversity, Equity, Inclusion, Accessibility Index - Inclusion Subindex",
Q81,I can be successful in my organization being myself.,4,Agree,"Diversity, Equity, Inclusion, and Accessibility","Diversity, Equity, Inclusion, Accessibility Index - Inclusion Subindex",
Q81,I can be successful in my organization being myself.,3,Neither Agree nor Disagree,"Diversity, Equity, Inclusion, and Accessibility","Diversity, Equity, Inclusion, Accessibility Index - Inclusion Subindex",
Q81,I can be successful in my organization being myself.,2,Disagree,"Diversity, Equity, Inclusion, and Accessibility","Diversity, Equity, Inclusion, Accessibility Index - Inclusion Subindex",
Q81,I can be successful in my organization being myself.,1,Strongly Disagree,"Diversity, Equity, Inclusion, and Accessibility","Diversity, Equity, Inclusion, Accessibility Index - Inclusion Subindex",
Q81,I can be successful in my organization being myself.,X,No Basis to Judge,"Diversity, Equity, Inclusion, and Accessibility","Diversity, Equity, Inclusion, Accessibility Index - Inclusion Subindex",
Q82,I can easily make a request of my organization to meet my accessibility needs.,5,Strongly Agree,"Diversity, Equity, Inclusion, and Accessibility","Diversity, Equity, Inclusion, Accessibility Index - Accessibility Subindex",
Q82,I can easily make a request of my organization to meet my accessibility needs.,4,Agree,"Diversity, Equity, Inclusion, and Accessibility","Diversity, Equity, Inclusion, Accessibility Index - Accessibility Subindex",
Q82,I can easily make a request of my organization to meet my accessibility needs.,3,Neither Agree nor Disagree,"Diversity, Equity, Inclusion, and Accessibility","Diversity, Equity, Inclusion, Accessibility Index - Accessibility Subindex",
Q82,I can easily make a request of my organization to meet my accessibility needs.,2,Disagree,"Diversity, Equity, Inclusion, and Accessibility","Diversity, Equity, Inclusion, Accessibility Index - Accessibility Subindex",
Q82,I can easily make a request of my organization to meet my accessibility needs.,1,Strongly Disagree,"Diversity, Equity, Inclusion, and Accessibility","Diversity, Equity, Inclusion, Accessibility Index - Accessibility Subindex",
Q82,I can easily make a request of my organization to meet my accessibility needs.,Y,I do not have any accessibility needs,"Diversity, Equity, Inclusion, and Accessibility","Diversity, Equity, Inclusion, Accessibility Index - Accessibility Subindex",
Q82,I can easily make a request of my organization to meet my accessibility needs.,X,No Basis to Judge,"Diversity, Equity, Inclusion, and Accessibility","Diversity, Equity, Inclusion, Accessibility Index - Accessibility Subindex",
Q83,My organization responds to my accessibility needs in a timely manner.,5,Strongly Agree,"Diversity, Equity, Inclusion, and Accessibility","Diversity, Equity, Inclusion, Accessibility Index - Accessibility Subindex",
Q83,My organization responds to my accessibility needs in a timely manner.,4,Agree,"Diversity, Equity, Inclusion, and Accessibility","Diversity, Equity, Inclusion, Accessibility Index - Accessibility Subindex",
Q83,My organization responds to my accessibility needs in a timely manner.,3,Neither Agree nor Disagree,"Diversity, Equity, Inclusion, and Accessibility","Diversity, Equity, Inclusion, Accessibility Index - Accessibility Subindex",
Q83,My organization responds to my accessibility needs in a timely manner.,2,Disagree,"Diversity, Equity, Inclusion, and Accessibility","Diversity, Equity, Inclusion, Accessibility Index - Accessibility Subindex",
Q83,My organization responds to my accessibility needs in a timely manner.,1,Strongly Disagree,"Diversity, Equity, Inclusion, and Accessibility","Diversity, Equity, Inclusion, Accessibility Index - Accessibility Subindex",
Q83,My organization responds to my accessibility needs in a timely manner.,Y,I do not have any accessibility needs,"Diversity, Equity, Inclusion, and Accessibility","Diversity, Equity, Inclusion, Accessibility Index - Accessibility Subindex",
Q83,My organization responds to my accessibility needs in a timely manner.,X,No Basis to Judge,"Diversity, Equity, Inclusion, and Accessibility","Diversity, Equity, Inclusion, Accessibility Index - Accessibility Subindex",
Q84,My organization meets my accessibility needs.,5,Strongly Agree,"Diversity, Equity, Inclusion, and Accessibility","Diversity, Equity, Inclusion, Accessibility Index - Accessibility Subindex",
Q84,My organization meets my accessibility needs.,4,Agree,"Diversity, Equity, Inclusion, and Accessibility","Diversity, Equity, Inclusion, Accessibility Index - Accessibility Subindex",
Q84,My organization meets my accessibility needs.,3,Neither Agree nor Disagree,"Diversity, Equity, Inclusion, and Accessibility","Diversity, Equity, Inclusion, Accessibility Index - Accessibility Subindex",
Q84,My organization meets my accessibility needs.,2,Disagree,"Diversity, Equity, Inclusion, and Accessibility","Diversity, Equity, Inclusion, Accessibility Index - Accessibility Subindex",
Q84,My organization meets my accessibility needs.,1,Strongly Disagree,"Diversity, Equity, Inclusion, and Accessibility","Diversity, Equity, Inclusion, Accessibility Index - Accessibility Subindex",
Q84,My organization meets my accessibility needs.,Y,I do not have any accessibility needs,"Diversity, Equity, Inclusion, and Accessibility","Diversity, Equity, Inclusion, Accessibility Index - Accessibility Subindex",
Q84,My organization meets my accessibility needs.,X,No Basis to Judge,"Diversity, Equity, Inclusion, and Accessibility","Diversity, Equity, Inclusion, Accessibility Index - Accessibility Subindex",
Q85,My job inspires me.,5,Strongly Agree,Employee Experience,,
Q85,My job inspires me.,4,Agree,Employee Experience,,
Q85,My job inspires me.,3,Neither Agree nor Disagree,Employee Experience,,
Q85,My job inspires me.,2,Disagree,Employee Experience,,
Q85,My job inspires me.,1,Strongly Disagree,Employee Experience,,
Q86,The work I do gives me a sense of accomplishment.,5,Strongly Agree,Employee Experience,,
Q86,The work I do gives me a sense of accomplishment.,4,Agree,Employee Experience,,
Q86,The work I do gives me a sense of accomplishment.,3,Neither Agree nor Disagree,Employee Experience,,
Q86,The work I do gives me a sense of accomplishment.,2,Disagree,Employee Experience,,
Q86,The work I do gives me a sense of accomplishment.,1,Strongly Disagree,Employee Experience,,
Q87,I feel a strong personal attachment to my organization.,5,Strongly Agree,Employee Experience,,
Q87,I feel a strong personal attachment to my organization.,4,Agree,Employee Experience,,
Q87,I feel a strong personal attachment to my organization.,3,Neither Agree nor Disagree,Employee Experience,,
Q87,I feel a strong personal attachment to my organization.,2,Disagree,Employee Experience,,
Q87,I feel a strong personal attachment to my organization.,1,Strongly Disagree,Employee Experience,,
Q88,I identify with the mission of my organization.,5,Strongly Agree,Employee Experience,,
Q88,I identify with the mission of my organization.,4,Agree,Employee Experience,,
Q88,I identify with the mission of my organization.,3,Neither Agree nor Disagree,Employee Experience,,
Q88,I identify with the mission of my organization.,2,Disagree,Employee Experience,,
Q88,I identify with the mission of my organization.,1,Strongly Disagree,Employee Experience,,
Q89,It is important to me that my work contribute to the common good.,5,Strongly Agree,Employee Experience,,
Q89,It is important to me that my work contribute to the common good.,4,Agree,Employee Experience,,
Q89,It is important to me that my work contribute to the common good.,3,Neither Agree nor Disagree,Employee Experience,,
Q89,It is important to me that my work contribute to the common good.,2,Disagree,Employee Experience,,
Q89,It is important to me that my work contribute to the common good.,1,Strongly Disagree,Employee Experience,,
Q90,"What percentage of your work time are you currently required to be physically present at your agency worksite (including headquarters, bureau, field offices, etc.)?",1,100% of my work time,"Pandemic, Transition to the Worksite, Workplace Flexibilities",,"Close to 2021's Q45, but the framing of the pandemic changes the item text and 6th response"
Q90,"What percentage of your work time are you currently required to be physically present at your agency worksite (including headquarters, bureau, field offices, etc.)?",2,At least 50% but less than 100%,"Pandemic, Transition to the Worksite, Workplace Flexibilities",,"Close to 2021's Q45, but the framing of the pandemic changes the item text and 6th response"
Q90,"What percentage of your work time are you currently required to be physically present at your agency worksite (including headquarters, bureau, field offices, etc.)?",3,Less than 50%,"Pandemic, Transition to the Worksite, Workplace Flexibilities",,"Close to 2021's Q45, but the framing of the pandemic changes the item text and 6th response"
Q90,"What percentage of your work time are you currently required to be physically present at your agency worksite (including headquarters, bureau, field offices, etc.)?",4,I am not currently required to be physically present at my agency worksite,"Pandemic, Transition to the Worksite, Workplace Flexibilities",,"Close to 2021's Q45, but the framing of the pandemic changes the item text and 6th response"
Q91,Please select the response that BEST describes your current remote work or teleworking schedule.,1,Teleworks frequently or has a remote work agreement,"Pandemic, Transition to the Worksite, Workplace Flexibilities",,
Q91,Please select the response that BEST describes your current remote work or teleworking schedule.,2,Teleworks infrequently; ranging from as-needed up to two days a week,"Pandemic, Transition to the Worksite, Workplace Flexibilities",,
Q91,Please select the response that BEST describes your current remote work or teleworking schedule.,3,"Does not telework; required to be on site, has technical issues, or did not receive approval","Pandemic, Transition to the Worksite, Workplace Flexibilities",,
Q91,Please select the response that BEST describes your current remote work or teleworking schedule.,4,Chooses not to telework,"Pandemic, Transition to the Worksite, Workplace Flexibilities",,
Q92,Did you have an approved remote work agreement before the 2020 COVID-19 pandemic?,1,Yes,"Pandemic, Transition to the Worksite, Workplace Flexibilities",,
Q92,Did you have an approved remote work agreement before the 2020 COVID-19 pandemic?,2,No,"Pandemic, Transition to the Worksite, Workplace Flexibilities",,
Q93,"Based on your work unit’s current telework or remote work options, are you considering leaving your organization, and if so, why?",1,No,"Pandemic, Transition to the Worksite, Workplace Flexibilities",,
Q93,"Based on your work unit’s current telework or remote work options, are you considering leaving your organization, and if so, why?",2,"Yes, to retire","Pandemic, Transition to the Worksite, Workplace Flexibilities",,
Q93,"Based on your work unit’s current telework or remote work options, are you considering leaving your organization, and if so, why?",3,"Yes, to take another job within my Agency","Pandemic, Transition to the Worksite, Workplace Flexibilities",,
Q93,"Based on your work unit’s current telework or remote work options, are you considering leaving your organization, and if so, why?",4,"Yes, to take another job within the Federal Government","Pandemic, Transition to the Worksite, Workplace Flexibilities",,
Q93,"Based on your work unit’s current telework or remote work options, are you considering leaving your organization, and if so, why?",5,"Yes, to take another job outside the Federal Government","Pandemic, Transition to the Worksite, Workplace Flexibilities",,
Q93,"Based on your work unit’s current telework or remote work options, are you considering leaving your organization, and if so, why?",6,"Yes, other","Pandemic, Transition to the Worksite, Workplace Flexibilities",,
Q94,My agency’s re-entry arrangements are fair in accounting for employees’ diverse needs and situations.,5,Strongly Agree,"Pandemic, Transition to the Worksite, Workplace Flexibilities",,
Q94,My agency’s re-entry arrangements are fair in accounting for employees’ diverse needs and situations.,4,Agree,"Pandemic, Transition to the Worksite, Workplace Flexibilities",,
Q94,My agency’s re-entry arrangements are fair in accounting for employees’ diverse needs and situations.,3,Neither Agree nor Disagree,"Pandemic, Transition to the Worksite, Workplace Flexibilities",,
Q94,My agency’s re-entry arrangements are fair in accounting for employees’ diverse needs and situations.,2,Disagree,"Pandemic, Transition to the Worksite, Workplace Flexibilities",,
Q94,My agency’s re-entry arrangements are fair in accounting for employees’ diverse needs and situations.,1,Strongly Disagree,"Pandemic, Transition to the Worksite, Workplace Flexibilities",,
Q94,My agency’s re-entry arrangements are fair in accounting for employees’ diverse needs and situations.,X,Not Applicable,"Pandemic, Transition to the Worksite, Workplace Flexibilities",,
Q95,Please select the response that BEST describes how employees in your work unit currently report to work:,1,All employees in my work unit are physically present on the worksite,"Pandemic, Transition to the Worksite, Workplace Flexibilities",,
Q95,Please select the response that BEST describes how employees in your work unit currently report to work:,2,Some employees are physically present on the worksite and others telework or work remotely,"Pandemic, Transition to the Worksite, Workplace Flexibilities",,
Q95,Please select the response that BEST describes how employees in your work unit currently report to work:,3,"No employees in my work unit are physically present on the worksite, we all work remotely","Pandemic, Transition to the Worksite, Workplace Flexibilities",,
Q95,Please select the response that BEST describes how employees in your work unit currently report to work:,4,Other,"Pandemic, Transition to the Worksite, Workplace Flexibilities",,
Q96,My organization’s senior leaders support policies and procedures to protect employee health and safety.,5,Strongly Agree,"Pandemic, Transition to the Worksite, Workplace Flexibilities",,
Q96,My organization’s senior leaders support policies and procedures to protect employee health and safety.,4,Agree,"Pandemic, Transition to the Worksite, Workplace Flexibilities",,
Q96,My organization’s senior leaders support policies and procedures to protect employee health and safety.,3,Neither Agree nor Disagree,"Pandemic, Transition to the Worksite, Workplace Flexibilities",,
Q96,My organization’s senior leaders support policies and procedures to protect employee health and safety.,2,Disagree,"Pandemic, Transition to the Worksite, Workplace Flexibilities",,
Q96,My organization’s senior leaders support policies and procedures to protect employee health and safety.,1,Strongly Disagree,"Pandemic, Transition to the Worksite, Workplace Flexibilities",,
Q96,My organization’s senior leaders support policies and procedures to protect employee health and safety.,X,No Basis to Judge,"Pandemic, Transition to the Worksite, Workplace Flexibilities",,
Q97,My organization’s senior leaders provide effective communications about what to expect with the return to the physical worksite.,5,Strongly Agree,"Pandemic, Transition to the Worksite, Workplace Flexibilities",,
Q97,My organization’s senior leaders provide effective communications about what to expect with the return to the physical worksite.,4,Agree,"Pandemic, Transition to the Worksite, Workplace Flexibilities",,
Q97,My organization’s senior leaders provide effective communications about what to expect with the return to the physical worksite.,3,Neither Agree nor Disagree,"Pandemic, Transition to the Worksite, Workplace Flexibilities",,
Q97,My organization’s senior leaders provide effective communications about what to expect with the return to the physical worksite.,2,Disagree,"Pandemic, Transition to the Worksite, Workplace Flexibilities",,
Q97,My organization’s senior leaders provide effective communications about what to expect with the return to the physical worksite.,1,Strongly Disagree,"Pandemic, Transition to the Worksite, Workplace Flexibilities",,
Q97,My organization’s senior leaders provide effective communications about what to expect with the return to the physical worksite.,X,No Basis to Judge,"Pandemic, Transition to the Worksite, Workplace Flexibilities",,
Q98,My supervisor supports my efforts to stay healthy and safe while working.,5,Strongly Agree,"Pandemic, Transition to the Worksite, Workplace Flexibilities",,
Q98,My supervisor supports my efforts to stay healthy and safe while working.,4,Agree,"Pandemic, Transition to the Worksite, Workplace Flexibilities",,
Q98,My supervisor supports my efforts to stay healthy and safe while working.,3,Neither Agree nor Disagree,"Pandemic, Transition to the Worksite, Workplace Flexibilities",,
Q98,My supervisor supports my efforts to stay healthy and safe while working.,2,Disagree,"Pandemic, Transition to the Worksite, Workplace Flexibilities",,
Q98,My supervisor supports my efforts to stay healthy and safe while working.,1,Strongly Disagree,"Pandemic, Transition to the Worksite, Workplace Flexibilities",,
Q98,My supervisor supports my efforts to stay healthy and safe while working.,X,No Basis to Judge,"Pandemic, Transition to the Worksite, Workplace Flexibilities",,
Q99,My supervisor creates an environment where I can voice my concerns about staying healthy and safe.,5,Strongly Agree,"Pandemic, Transition to the Worksite, Workplace Flexibilities",,
Q99,My supervisor creates an environment where I can voice my concerns about staying healthy and safe.,4,Agree,"Pandemic, Transition to the Worksite, Workplace Flexibilities",,
Q99,My supervisor creates an environment where I can voice my concerns about staying healthy and safe.,3,Neither Agree nor Disagree,"Pandemic, Transition to the Worksite, Workplace Flexibilities",,
Q99,My supervisor creates an environment where I can voice my concerns about staying healthy and safe.,2,Disagree,"Pandemic, Transition to the Worksite, Workplace Flexibilities",,
Q99,My supervisor creates an environment where I can voice my concerns about staying healthy and safe.,1,Strongly Disagree,"Pandemic, Transition to the Worksite, Workplace Flexibilities",,
Q99,My supervisor creates an environment where I can voice my concerns about staying healthy and safe.,X,No Basis to Judge,"Pandemic, Transition to the Worksite, Workplace Flexibilities",,
